Accident_ID,Year,Month,Day,HHMM,Lum,Localization,Type_of_Intersection,ATM_Conditions,Type_of_Colision,Postal_Adress,GPS_Coding,Deparment,Latitud/Longitud
201700000001,17,4,2,1045,1,1,2,1,3,Rte de Lederzeele,M,590,"50.84579,2.26407"
201700000002,17,4,29,1545,1,1,1,1,1,,M,590,"50.68,2.793"
201700000003,17,6,1,1530,1,2,1,2,3,RUE JEAN MERMOZ,M,590,"50.641,2.712"
201700000004,17,10,18,745,2,1,1,1,6,,M,590,"50.708,2.765"
201700000005,17,3,10,400,3,2,1,1,6,Rue de Sec Bois,M,590,"50.70266,2.62094"
201700000006,17,6,27,1545,1,1,1,1,1,Route Nationale,M,590,"50.78535,2.53023"
201700000007,17,9,27,2100,5,2,2,1,3,rue de lille,M,590,"50.60979,3.22963"
201700000008,17,1,22,1130,1,1,2,1,3,COMINES ROUTE DE,M,590,"50.74146,2.96661"
201700000009,17,4,2,815,1,2,8,1,3,"153, WARNETON RUE DE",M,590,"50.71633,2.99358"
201700000010,17,4,2,200,3,1,1,1,2,,M,590,"50.71359,2.93964"
201700000011,17,5,30,1145,1,1,6,2,2,"11, COMINES ROUTE",M,590,"50.73736,2.95811"
201700000012,17,8,9,1345,1,2,6,1,3,rue au vent,M,590,"50.71258,2.9323"
201700000013,17,9,10,530,3,1,1,1,1,,M,590,"50.70937,2.94594"
201700000014,17,12,24,530,5,1,1,1,6,,M,590,"50.72661,2.97364"
201700000015,17,4,4,1530,1,1,1,1,1,Route Nationale,M,590,"50.26022,3.32324"
201700000016,17,2,4,2115,5,2,1,1,6,Grande rue,M,590,"50.1285,3.83819"
201700000017,17,2,7,615,5,2,1,2,6,rue de Landrecies,M,590,"50.07517,3.68177"
201700000018,17,6,20,1500,1,2,1,3,6,203 Rue de la République,M,590,"50.13195,3.40272"
201700000019,17,2,11,645,2,2,1,1,7,RUE JEAN SIMON DUMONT,M,590,"50.267,3.164"
201700000020,17,7,2,1400,1,2,1,1,6,404 Rue Jules Domise,M,590,"50.26763,3.22428"
201700000021,17,8,28,2000,2,2,1,1,3,rue André Joseph LEGLAY,M,590,"50.288,3.126"
201700000022,17,12,17,2100,5,2,1,2,1,rue volckcrick,M,590,"50.27,3.211"
201700000023,17,12,21,500,3,1,6,1,7,,M,590,"50.312,3.13"
201700000024,17,12,27,1015,1,2,6,1,3,rue Jean Jaurès,M,590,"50.309,3.208"
201700000025,17,7,9,2100,1,2,1,1,2,rue du stade,M,590,"50.494,3.4"
201700000026,17,3,17,1945,3,1,1,1,5,Route départementale,M,590,"50.30514,3.77363"
201700000027,17,12,23,245,3,1,1,9,6,,M,590,"50.177,3.5"
201700000028,17,3,7,1745,1,1,1,4,4,Chaussée Brunehaut,M,590,"50.2523,3.72818"
201700000029,17,12,13,1745,3,1,1,8,5,,M,590,"50,0"
201700000030,17,7,11,1330,1,1,1,1,6,,M,620,"50.21711,3.06276"
201700000031,17,9,14,1700,1,1,1,7,1,,M,620,"50.23815,2.97984"
201700000032,17,6,25,1430,1,1,1,1,2,,M,620,"50.64123,1.6658"
201700000033,17,6,10,1800,1,2,3,1,3,rue d'hermies,M,620,"50.10858,3.08254"
201700000034,17,7,24,1945,1,2,2,1,3,PRETRES - POSTE,M,620,"50.11314,3.03713"
201700000035,17,8,29,845,1,2,1,1,3,19A rue principale D11E1,M,620,"50.02892,2.8738"
201700000036,17,6,7,930,1,2,1,1,6,9 RUE NEUVE,M,620,"50.12353,2.63517"
201700000037,17,6,7,1715,1,2,1,3,7,D6,M,620,"50.17442,2.46665"
201700000038,17,7,15,1145,1,1,1,1,7,,M,620,"50.23149,2.70897"
201700000039,17,8,6,2115,2,1,1,1,6,,M,620,"50.20825,2.59721"
201700000040,17,11,21,1800,5,2,1,1,6,20 rue de neuville,M,620,"50.23197,2.74658"
201700000041,17,11,21,1700,2,1,2,1,3,,M,620,"50.21893,2.76027"
201700000042,17,11,30,1415,1,2,1,1,3,route d'ierville,M,620,"50.13853,2.70921"
201700000043,17,1,19,1145,1,2,1,7,6,,M,620,"50.2491,3.06829"
201700000044,17,8,3,245,3,1,1,2,6,,M,620,"50.15246,2.82882"
201700000045,17,9,7,1700,1,2,1,7,7,,M,620,"50.22725,3.10897"
201700000046,17,1,5,1230,1,1,1,1,7,,M,620,"50.39645,2.69686"
201700000047,17,1,24,615,1,1,1,2,7,,M,620,"50.33467,2.83834"
201700000048,17,6,1,1530,1,1,1,1,1,,M,620,"50.34514,2.69425"
201700000049,17,7,4,715,1,2,1,2,6,62 rue Carnot,M,620,"50.38965,2.74233"
201700000050,17,12,25,1830,3,1,1,2,6,,M,620,"50.39649,2.79314"
201700000051,17,1,17,2130,3,1,1,1,5,,M,620,"50.17315,2.82309"
201700000052,17,5,19,1500,1,1,1,8,7,D 37E1,M,620,"50.26504,2.82902"
201700000053,17,5,26,1900,1,2,6,1,6,,M,620,"50.2675,3.09935"
201700000054,17,11,22,945,3,1,1,1,2,,M,620,"50.19899,3.13344"
201700000055,17,12,10,1845,3,1,1,9,1,,M,620,"50.2621,2.88529"
201700000056,17,7,1,900,1,1,1,1,1,rue Nobled,M,620,"50.32498,2.99557"
201700000057,17,7,26,1030,1,1,1,1,6,,M,620,"50.33287,2.90832"
201700000058,17,10,14,1700,1,1,6,1,3,,M,620,"50.33668,3.00917"
201700000059,17,11,14,445,3,1,1,8,2,,M,620,"50.33372,2.96179"
201700000060,17,11,28,745,2,2,1,1,2,rue des Colombiers,M,620,"50.32858,2.97896"
201700000061,17,3,3,830,1,1,1,1,6,,M,620,"50.61251,2.40074"
201700000062,17,4,10,515,2,2,1,1,1,Rue FOCH,M,620,"50.61652,2.49261"
201700000063,17,5,8,1900,1,2,1,1,1,Rue du coupe gueule,M,620,"50.61131,2.36971"
201700000064,17,8,6,600,1,1,1,1,6,,M,620,"50.5583,2.60694"
201700000065,17,8,21,1215,1,2,1,2,1,rue de thérouanne,M,620,"50.59551,2.31762"
201700000066,17,3,7,1715,1,1,1,8,6,,M,620,"50.63794,2.82823"
201700000067,17,4,22,1815,1,1,1,1,4,,M,620,"50.632,2.772"
201700000068,17,8,12,2230,3,1,1,1,1,,M,620,"50.5698,2.77945"
201700000069,17,11,3,1800,2,1,1,1,2,,M,620,"50.595,2.764"
201700000070,17,11,21,800,2,1,1,1,6,,M,620,"50.642,2.811"
201700000071,17,12,6,745,2,2,1,1,6,668 rue de bruges,M,620,"50.65619,2.78814"
201700000072,17,3,13,1330,1,1,1,1,1,2540,M,620,"50.68154,1.80471"
201700000073,17,7,30,1200,1,2,1,1,3,36 route de samer D127E4,M,620,"50.61798,1.83044"
201700000074,17,4,1,2315,3,1,1,1,6,,M,620,"50.77575,1.72825"
201700000075,17,4,10,1330,1,1,1,7,7,,M,620,"50.76816,1.66703"
201700000076,17,4,15,1645,1,1,2,8,4,,M,620,"50.80954,1.7787"
201700000077,17,7,3,1530,1,1,1,1,2,,M,620,"50.90452,1.68739"
201700000078,17,7,16,1930,1,1,1,1,5,rue e. quenu,M,620,"50.82368,1.69693"
201700000079,17,9,3,1330,1,1,1,1,3,,M,620,"50.82898,1.7553"
201700000080,17,10,23,1915,2,1,1,1,3,,M,620,"50.83585,1.63611"
201700000081,17,3,7,830,1,1,1,4,1,,M,620,"50.67753,1.58255"
201700000082,17,4,17,1400,1,1,1,1,5,,M,620,"50.63543,1.64473"
201700000083,17,12,12,2030,3,1,1,1,1,,M,620,"50.60794,1.63243"
201700000084,17,4,29,1015,1,1,1,1,1,,M,620,"50.43543,2.68823"
201700000085,17,5,4,1945,1,1,3,7,1,,M,620,"50.40504,2.6319"
201700000086,17,5,5,1030,1,2,1,7,7,RUE ROUANEL,M,620,"50.4377,2.55002"
201700000087,17,5,26,1545,1,1,1,1,1,,M,620,"50.43661,2.66594"
201700000088,17,7,28,1730,1,1,1,1,3,,M,620,"50.42766,2.56116"
201700000089,17,10,9,345,5,2,1,1,3,rue de la mairie,M,620,"50.40897,2.64217"
201700000090,17,10,12,845,1,2,1,1,6,"rue Victor HUGO, D 188",M,620,"50.45134,2.63813"
201700000091,17,11,6,1800,3,1,1,1,2,,M,620,"50.44119,2.64861"
201700000092,17,6,29,530,1,2,1,1,7,CD939,M,620,"50.50084,1.69175"
201700000093,17,9,21,2045,3,1,1,1,6,,M,620,"50.46792,1.72762"
201700000094,17,6,30,1000,1,2,1,3,6,PLACE GENERAL DE GAULLE,M,620,"50.51336,2.13438"
201700000095,17,12,3,1830,3,1,1,1,1,,M,620,"50.391,1.852"
201700000096,17,6,9,1545,1,1,1,1,3,,M,620,"50.56319,1.60832"
201700000097,17,10,8,1930,5,2,1,1,3,Avenue de Rombly,M,620,"50.51914,1.65263"
201700000098,17,10,31,1430,1,2,1,1,6,76 bd de l imperatrice,M,620,"50.51284,1.63617"
201700000099,17,1,31,1645,1,2,1,2,1,,M,620,"50.38209,1.9864"
201700000100,17,5,29,1400,1,2,1,1,6,rue de widance,M,620,"50.40231,1.95488"
201700000101,17,2,1,1430,1,1,1,6,1,,M,620,"50.63854,2.3724"
201700000102,17,3,4,845,1,2,1,1,6,1753 rue de Warnes,M,620,"50.66079,2.35111"
201700000103,17,4,26,2030,1,1,1,1,6,,M,620,"50.63352,2.33458"
201700000104,17,5,29,1715,1,2,1,1,2,rue de l'industrie,M,620,"50.63946,2.41387"
201700000105,17,5,27,1800,1,2,1,1,2,12 rue principale,M,620,"50.64055,2.37936"
201700000106,17,10,31,600,5,2,1,5,6,CD943,M,620,"50.69175,2.36163"
201700000107,17,12,13,1730,3,1,1,1,1,,M,620,"50.67508,2.26861"
201700000108,17,12,15,1845,5,2,1,1,6,boulevard clémenceau,M,620,"50.64271,2.39789"
201700000109,17,7,18,1515,1,2,1,1,6,rue de licques,M,620,"50.78184,1.9887"
201700000110,17,1,14,1100,1,2,2,1,3,avenue Paul MACHY,M,620,"50.98005,2.05705"
201700000111,17,2,13,1530,1,2,1,2,6,595 rue georges mauffait,M,620,"50.87464,2.08359"
201700000112,17,2,23,1000,1,1,2,1,3,,M,620,"50.9045,2.13449"
201700000113,17,11,3,1030,1,2,1,1,2,rue du communal,M,620,"50.84352,2.11443"
201700000114,17,11,16,1330,1,1,1,1,3,,M,620,"50.83753,2.01821"
201700000115,17,12,27,1830,3,2,1,8,1,480 avenue des jonquille,M,620,"50.91155,1.99296"
201700000116,17,5,16,600,2,2,1,1,6,rue basse boulogne,M,620,"50.58827,2.24959"
201700000117,17,9,11,930,1,1,1,1,6,,M,620,"50.64576,2.11773"
201700000118,17,7,10,1715,1,1,1,1,5,,M,620,"50.72698,1.91392"
201700000119,17,3,19,1215,1,2,1,1,3,rue de la calandre,M,620,"50.38339,2.3335"
201700000120,17,4,4,145,3,2,1,3,6,36 rue d'Aire,M,620,"50.47815,2.27237"
201700000121,17,4,13,1645,1,1,1,1,2,,M,620,"50.38327,2.32433"
201700000122,17,4,16,200,5,2,1,1,1,Place Ml LECLERC CD941,M,620,"50.38117,2.33574"
201700000123,17,4,15,2115,3,1,1,2,1,,M,620,"50.5045,2.31179"
201700000124,17,4,17,1115,1,1,1,1,3,,M,620,"50.42827,2.43873"
201700000125,17,6,6,1700,1,2,1,1,6,place louis lebel,M,620,"50.38178,2.33586"
201700000126,17,7,8,1230,1,2,1,1,3,D 104 PR 25 + 400,M,620,"50.43041,2.17241"
201700000127,17,7,29,1300,1,2,1,1,1,RD8,M,620,"50.36494,2.38799"
201700000128,17,9,10,1045,1,1,1,1,6,,M,620,"50.43903,2.37041"
201700000129,17,9,13,2000,2,1,1,1,1,,M,620,"50.4379,2.31791"
201700000130,17,9,14,1830,1,2,3,1,1,88 rue de Laires,M,620,"50.51755,2.22933"
201700000131,17,9,18,1600,1,1,1,2,5,,M,620,"50.738,2.615"
201700000132,17,9,29,2145,3,1,1,2,6,,M,620,"50.37609,2.30046"
201700000133,17,11,1,1815,2,1,1,1,3,,M,620,"50.38686,2.24794"
201700000134,17,11,4,1300,1,1,1,1,3,,M,620,"50.37949,2.34032"
201700000135,17,12,12,1200,1,1,1,1,3,,M,620,"50.423,2.386"
201700000136,17,12,24,900,1,1,1,1,7,,M,620,"50.44347,2.37785"
201700000137,17,2,27,1615,1,1,1,1,7,,M,620,"50.25907,2.4907"
201700000138,17,2,29,700,1,1,1,9,6,,M,620,"50.27036,2.40308"
201700000139,17,7,10,1900,1,1,1,1,6,,M,620,"50.36528,2.55533"
201700000140,17,7,31,845,1,1,2,1,1,,M,620,"50.38909,2.62265"
201700000141,17,9,5,715,1,1,1,2,7,,M,620,"50.2298,2.36257"
201700000142,17,11,14,630,3,1,1,5,6,,M,620,"50.43199,2.50779"
201700000143,17,11,28,915,1,1,1,1,1,,M,620,"50.35155,2.45045"
201700000144,17,12,2,1930,5,2,1,8,3,rue de faune,M,620,"50.20516,2.53364"
201700000145,17,12,29,45,3,1,1,5,6,,M,620,"50.28724,2.53958"
201700000146,17,4,16,1445,1,1,1,1,6,,M,620,"50.33273,2.63768"
201700000147,17,7,10,1800,1,1,1,1,6,,M,620,"50.34508,2.58257"
201700000148,17,7,9,1430,1,2,1,1,6,rue principale,M,620,"50.26369,2.36958"
201700000149,17,9,27,1700,1,2,1,1,3,"95, Rte du TREPORT",M,800,"49.89177,1.71651"
201700000150,17,9,29,1415,1,2,1,1,6,23 ter GENERAL LECLERC,M,800,"49.88409,2.01978"
201700000151,17,5,13,1800,1,1,1,1,6,RD 113,M,800,"50.00521,2.3371"
201700000152,17,8,31,1630,1,1,1,1,1,RD 40,M,800,"50.12513,1.80144"
201700000153,17,2,23,2130,3,1,1,5,6,RD 940,M,800,"50.17462,1.68118"
201700000154,17,4,12,1630,1,1,1,1,1,RD 940,M,800,"50.17968,1.58727"
201700000155,17,6,25,1500,1,2,2,1,3,VC N°6,M,800,"50.15432,1.60979"
201700000156,17,8,2,1230,1,1,8,2,3,VC (rue des canadiens),M,800,"50.17586,1.62009"
201700000157,17,10,29,915,1,1,1,8,1,CH DE HALAGE,M,800,"50.1722,1.65806"
201700000158,17,8,27,1400,1,2,1,1,3,CARR RD47/VC306,M,800,"50.05199,2.53259"
201700000159,17,7,3,2300,5,2,1,1,6,RUE DU GENERAL LECLERC,M,800,"50.0416,2.11683"
201700000160,17,1,8,900,1,2,1,1,6,Route de bray,M,800,"49.98335,2.67334"
201700000161,17,1,14,815,5,2,1,3,6,Rte de BRAY-SUR-SOMME,M,800,"49.98436,2.67231"
201700000162,17,1,22,1815,5,2,1,2,3,120 AV GENERAL FAIDHERBE,M,800,"50.00676,2.66285"
201700000163,17,2,26,1945,5,2,1,1,7,"55, Av Général Leclerc",M,800,"50.00097,2.64145"
201700000164,17,3,16,1715,1,2,1,1,3,RUE Aristide BRIAND,M,800,"50.00333,2.63998"
201700000165,17,4,19,1230,1,1,1,1,6,RD 50,M,800,"50.04205,2.65794"
201700000166,17,5,11,1200,1,2,1,1,3,av du général faidherbe,M,800,"50.00603,2.66139"
201700000167,17,5,24,1415,1,2,1,1,6,85 AV DE LA REPUBLIQUE,M,800,"50.0043,2.65699"
201700000168,17,5,25,2300,5,2,6,1,3,route de bray,M,800,"49.99323,2.65726"
201700000169,17,6,10,1900,2,1,1,1,6,D151,M,800,"50.06687,2.69867"
201700000170,17,8,28,1145,1,1,1,1,3,RD 151,M,800,"50.03458,2.66614"
201700000171,17,10,14,1745,1,1,1,2,7,route de Pozières,M,800,"50.01007,2.71405"
201700000172,17,12,31,2030,3,1,1,5,6,D91,M,800,"49.99964,2.59458"
201700000173,17,2,19,1645,1,2,1,1,2,rue Fontaine minérale,M,20,"49.52477,3.66483"
201700000174,17,2,15,1245,1,1,1,1,1,,M,20,"49.51246,3.43"
201700000175,17,2,19,1845,5,2,1,1,6,Rue du 7° BCA,M,20,"49.4893,3.44609"
201700000176,17,11,17,1830,1,2,3,1,6,rue jules lefebvre,M,20,"49.19971,3.51393"
201700000177,17,3,3,1700,1,2,3,2,1,Rue de Saint-Quentin,M,20,"49.98223,3.45277"
201700000178,17,9,23,2345,5,2,1,1,6,,M,20,"49.96356,3.18734"
201700000179,17,11,19,600,3,2,1,1,6,21 rue du pont araby,M,20,"49.41023,3.13601"
201700000180,17,2,22,915,1,2,4,1,2,,M,20,"49.40835,3.51107"
201700000181,17,4,18,815,1,2,1,1,6,AVENUE DE COMPIEGNE,M,20,"49.25664,3.08494"
201700000182,17,5,1,1445,1,2,1,1,3,"2, rue de verdun",M,20,"49.17802,3.12734"
201700000183,17,3,27,1630,1,1,1,2,7,,M,20,"49.87574,3.92647"
201700000184,17,7,24,15,3,2,3,1,6,rue Charles de Gaulle,M,20,"50.00809,3.60745"
201700000185,17,10,29,1700,1,2,3,1,3,,M,20,"49.99326,3.65588"
201700000186,17,6,4,1945,1,2,3,1,3,route de la sablonnière,M,20,"49.80455,4.05527"
201700000187,17,8,4,1630,1,2,1,1,6,avenue Joffre,M,20,"49.93046,4.07422"
201700000188,17,10,18,1415,1,2,9,1,6,rue du haut rouet,M,20,"49.93078,4.07934"
201700000189,17,12,3,500,5,2,3,1,6,2 rue alexandre dumas,M,20,"49.92523,4.07698"
201700000190,17,2,2,1600,1,1,1,1,3,,M,600,"49.4595,2.21257"
201700000191,17,2,26,2315,3,1,1,1,7,,M,600,"49.38216,2.25041"
201700000192,17,4,21,1845,1,1,1,1,7,,M,600,"49.3939,2.09918"
201700000193,17,5,3,1830,1,1,1,1,7,,M,600,"49.45146,2.21728"
201700000194,17,6,9,1230,1,1,1,1,2,,M,600,"49.45598,2.02141"
201700000195,17,6,9,1615,1,2,1,1,2,rue du général de gaulle,M,600,"49.42011,2.15253"
201700000196,17,6,10,2330,3,1,1,1,1,,M,600,"49.39538,2.10152"
201700000197,17,8,9,745,1,1,1,1,1,,M,600,"49.50423,2.08662"
201700000198,17,8,11,400,3,1,1,1,6,,M,600,"49.40763,2.05076"
201700000199,17,8,19,2215,5,2,6,1,7,hameau de l'alouette,M,600,"49.3803,2.23058"
201700000200,17,8,18,2315,3,1,1,1,2,,M,600,"49.42431,2.14392"
201700000201,17,8,28,1645,1,1,6,1,7,,M,600,"49.40057,2.13181"
201700000202,17,9,23,815,2,2,1,5,3,CD 981,M,600,"49.40642,2.04381"
201700000203,17,10,2,1245,1,1,1,1,6,,M,600,"49.39427,2.09935"
201700000204,17,11,26,530,3,1,1,2,2,,M,600,"49.5067,2.17031"
201700000205,17,12,23,1745,3,1,1,2,5,,M,600,"49.35502,2.03529"
201700000206,17,3,19,2115,1,1,1,1,2,,M,600,"49.30232,1.77787"
201700000207,17,4,1,2200,3,1,1,1,1,,M,600,"49.33132,1.90702"
201700000208,17,5,28,1400,1,1,1,2,3,,M,600,"49.3203,1.80463"
201700000209,17,5,30,900,1,1,1,2,1,,M,600,"49.28096,1.8513"
201700000210,17,7,21,1700,1,1,1,1,6,,M,600,"49.26198,1.88013"
201700000211,17,9,10,1900,1,1,1,1,5,,M,600,"49.1852,1.88426"
201700000212,17,9,18,1830,1,1,1,1,1,,M,600,"49.28808,1.79115"
201700000213,17,3,8,1115,1,2,1,1,6,Route de Sommereux,M,600,"49.66905,1.94947"
201700000214,17,12,27,2015,3,1,1,1,6,,M,600,"49.70641,1.96374"
201700000215,17,1,14,800,2,2,1,2,6,RD 1001 FACE 85 RN1,M,600,"49.3215,2.20204"
201700000216,17,5,19,1815,1,1,1,1,3,,M,600,"49.3497,2.18345"
201700000217,17,6,6,930,1,1,1,1,1,,M,600,"49.32837,2.21016"
201700000218,17,7,30,1915,1,2,1,1,3,RUE DE VILLERS,M,600,"49.35843,2.22217"
201700000219,17,8,26,1115,1,1,1,1,1,,M,600,"49.31584,2.25231"
201700000220,17,10,2,1900,2,2,1,1,7,route nationale 1,M,600,"49.38643,2.14547"
201700000221,17,11,28,1330,1,2,1,1,6,place  l'hotel de ville,M,600,"49.3292,2.2005"
201700000222,17,12,15,1445,1,2,1,1,6,RUE DE CALAIS,M,600,"49.33047,2.19974"
201700000223,17,1,14,1030,1,1,1,2,7,,M,600,"49.38619,2.42812"
201700000224,17,3,7,800,1,2,1,8,6,31 rue du général de Gau,M,600,"49.37885,2.41337"
201700000225,17,5,15,1230,1,1,1,1,7,,M,600,"49.38286,2.32219"
201700000226,17,6,28,1745,1,1,1,1,3,,M,600,"49.41524,2.30324"
201700000227,17,9,1,900,1,1,1,1,1,,M,600,"49.34248,2.38396"
201700000228,17,5,5,2345,5,2,1,1,6,grande rue,M,600,"49.6032,2.2857"
201700000229,17,7,4,2215,3,1,1,1,7,,M,600,"49.65917,2.32955"
201700000230,17,9,4,15,5,2,1,1,6,rue de la vallée st andr,M,600,"49.57704,2.30488"
201700000231,17,2,27,30,3,1,9,1,1,,M,600,"49.32433,2.41454"
201700000232,17,6,21,845,1,2,1,3,2,Rue Jean Jaurès,M,600,"49.32562,2.44199"
201700000233,17,1,14,1800,3,1,1,2,1,,M,600,"49.30774,2.33917"
201700000234,17,1,27,1015,1,1,9,8,3,,M,600,"49.31443,2.33453"
201700000235,17,2,6,1000,1,1,9,1,3,,M,600,"49.32064,2.32936"
201700000236,17,6,16,1545,1,2,1,1,2,rue Eugène Moreau,M,600,"49.31424,2.31659"
201700000237,17,10,12,2230,3,1,1,1,7,,M,600,"49.35718,2.25023"
201700000238,17,11,16,800,2,2,1,8,3,route de clermont,M,600,"49.33328,2.33603"
201700000239,17,11,16,1445,1,1,1,1,1,,M,600,"49.29313,2.35379"
201700000240,17,11,24,1515,2,2,1,1,6,RUE DE MEHECOURT,M,600,"49.3545,2.24925"
201700000241,17,12,1,1745,3,1,1,9,7,,M,600,"49.31023,2.31826"
201700000242,17,12,13,1545,1,1,1,1,6,,M,600,"49.3081,2.31066"
201700000243,17,2,6,2000,3,1,1,6,5,,M,600,"49.51773,2.41772"
201700000244,17,2,27,1415,1,2,1,1,7,Rue de la Gare,M,600,"49.59145,2.53179"
201700000245,17,5,27,1745,1,2,1,1,7,Rue de Montdidier,M,600,"49.46147,2.48461"
201700000246,17,11,8,2000,3,1,1,1,1,,M,600,"49.46117,2.47615"
201700000247,17,3,3,1600,1,1,1,1,1,,M,600,"49.52285,2.93544"
201700000248,17,7,23,1015,1,1,1,1,2,,M,600,"49.53483,3.01587"
201700000249,17,10,13,1930,5,2,1,2,3,rue nationale,M,600,"49.49764,2.89809"
201700000250,17,11,30,1730,2,1,1,1,4,,M,600,"49.49445,2.85736"
201700000251,17,1,15,1230,1,1,1,1,4,,M,600,"49.3244,2.70079"
201700000252,17,1,16,1900,3,1,1,1,1,,M,600,"49.3592,2.96671"
201700000253,17,3,1,815,1,1,1,1,6,,M,600,"49.35635,2.87522"
201700000254,17,3,4,1830,2,1,2,2,5,,M,600,"49.35216,2.87901"
201700000255,17,5,18,1215,1,1,1,1,3,,M,600,"49.32198,2.71821"
201700000256,17,6,3,1915,2,2,1,1,7,26 Rue de la République,M,600,"49.36183,2.74906"
201700000257,17,6,11,2100,2,1,1,3,6,,M,600,"49.35336,2.87801"
201700000258,17,6,22,1000,1,2,1,1,1,rue du Général de gaulle,M,600,"49.3545,2.76201"
201700000259,17,6,28,2030,1,2,1,1,6,Rue Jean Lenoir,M,600,"49.34964,2.97967"
201700000260,17,7,1,1630,1,1,1,1,1,,M,600,"49.34908,2.88912"
201700000261,17,11,10,1730,3,1,1,2,1,,M,600,"49.3358,2.98864"
201700000262,17,1,9,1715,2,1,1,1,7,,M,600,"49.47492,2.7912"
201700000263,17,1,11,1415,1,1,1,1,3,,M,600,"49.40918,2.649"
201700000264,17,1,28,1500,2,1,1,1,1,,M,600,"49.46477,2.81096"
201700000265,17,4,12,915,1,1,1,1,6,,M,600,"49.42632,2.69145"
201700000266,17,8,9,1300,1,1,1,1,6,,M,600,"49.58995,2.71641"
201700000267,17,9,5,1100,1,1,1,8,3,,M,600,"49.37754,2.71113"
201700000268,17,9,5,815,1,1,1,8,1,,M,600,"49.51483,2.68826"
201700000269,17,9,10,1800,1,1,1,1,6,,M,600,"49.59959,2.67456"
201700000270,17,9,25,145,3,1,1,1,3,,M,600,"49.46427,2.76059"
201700000271,17,11,14,1800,3,1,9,1,1,,M,600,"49.40322,2.67595"
201700000272,17,11,21,645,2,1,1,1,1,,M,600,"49.45321,2.65298"
201700000273,17,11,25,1915,3,1,1,1,1,,M,600,"49.4499,2.78733"
201700000274,17,2,13,1400,2,1,1,2,2,,M,600,"49.5722,3.02945"
201700000275,17,4,4,115,3,2,1,2,6,12 rue de Nesle,M,600,"49.66047,2.91217"
201700000276,17,5,8,345,3,1,1,1,7,,M,600,"49.67747,2.99908"
201700000277,17,5,10,1415,1,1,1,2,7,,M,600,"49.64362,2.94538"
201700000278,17,5,28,1430,1,1,1,1,3,,M,600,"49.59079,3.10837"
201700000279,17,6,6,600,2,1,1,5,6,,M,600,"49.60661,3.01628"
201700000280,17,9,20,2145,5,2,1,1,6,rue de Paris,M,600,"49.7009,3.06255"
201700000281,17,4,10,1230,1,2,1,1,7,20 rue du golf,M,570,"49.4919,6.23834"
201700000282,17,5,15,2345,3,2,1,1,6,rue du fort,M,570,"49.41515,6.12031"
201700000283,17,10,8,1650,1,2,1,1,6,35 rue du Gal Patton,M,570,"49.40458,6.15672"
201700000284,17,12,27,1830,5,2,1,1,6,28 rue charles de gaulle,M,570,"49.40543,6.15256"
201700000285,17,1,16,1830,3,1,1,8,1,,M,600,"49.22127,2.56745"
201700000286,17,2,5,1900,3,1,1,1,6,,M,600,"49.19516,2.63286"
201700000287,17,2,12,1030,1,1,1,2,3,,M,600,"49.18469,2.64103"
201700000288,17,2,21,1000,1,1,1,1,1,,M,600,"49.24336,2.58496"
201700000289,17,3,13,1000,1,1,3,1,1,,M,600,"49.20812,2.57061"
201700000290,17,6,28,730,1,1,1,1,5,,M,600,"49.22538,2.58406"
201700000291,17,7,24,830,1,1,1,7,1,,M,600,"49.22543,2.58268"
201700000292,17,9,5,1530,1,1,1,2,5,,M,600,"49.21387,2.60401"
201700000293,17,2,10,1645,1,1,1,8,4,,M,600,"49.1784,2.23413"
201700000294,17,3,3,845,1,2,1,2,6,Rue de Lambervalle,M,600,"49.20173,2.27096"
201700000295,17,4,6,1600,1,2,1,1,6,rue de vigneseuil,M,600,"49.16904,2.23912"
201700000296,17,6,6,1700,1,2,1,1,1,Place Carnot,M,600,"49.16451,2.24044"
201700000297,17,6,18,2100,1,2,1,1,7,route de vigneseuil,M,600,"49.1691,2.23933"
201700000298,17,6,26,1745,1,1,1,1,3,,M,600,"49.19858,2.25972"
201700000299,17,7,31,1900,1,1,1,1,6,,M,600,"49.1901,2.25327"
201700000300,17,8,3,1415,1,1,1,1,3,,M,600,"49.17948,2.23702"
201700000301,17,9,23,1630,1,1,1,1,4,,M,600,"49.18242,2.25052"
201700000302,17,10,4,1845,1,2,1,1,3,rue de la libération,M,600,"49.175,2.28725"
201700000303,17,10,13,1630,1,2,1,1,1,rue d'anserville,M,600,"49.22831,2.23853"
201700000304,17,12,7,2030,3,1,1,9,1,,M,600,"49.18293,2.21625"
201700000305,17,12,14,1445,1,2,1,1,1,,M,600,"49.15638,2.24432"
201700000306,17,12,26,1115,1,1,1,1,3,,M,600,"49.19816,2.28214"
201700000307,17,2,19,1715,1,2,9,2,1,avenue de gouvieux,M,600,"49.17606,2.40691"
201700000308,17,2,2,1830,1,2,1,1,6,rue de la liberté,M,600,"49.24212,2.46982"
201700000309,17,5,5,1530,1,1,1,1,1,,M,600,"49.21251,2.43117"
201700000310,17,7,8,1530,1,2,1,1,6,rue de PARIS,M,600,"49.19407,2.46563"
201700000311,17,7,10,15,3,1,1,1,1,,M,600,"49.18952,2.45207"
201700000312,17,9,11,45,3,1,1,1,1,,M,600,"49.20071,2.47512"
201700000313,17,12,8,1000,1,1,1,1,3,,M,600,"49.22096,2.45452"
201700000314,17,1,8,1015,1,2,8,1,3,30 avenue de la gare,M,600,"49.09536,2.74403"
201700000315,17,3,15,530,3,1,1,1,7,,M,600,"49.16516,2.86011"
201700000316,17,3,29,1945,1,1,9,8,2,,M,600,"49.13554,2.79868"
201700000317,17,4,5,2315,3,2,2,1,3,Route de Meaux,M,600,"49.09143,2.7512"
201700000318,17,4,21,1700,1,1,1,1,3,,M,600,"49.09027,2.71162"
201700000319,17,5,8,1815,1,1,6,1,1,,M,600,"49.1488,2.81182"
201700000320,17,5,13,515,3,1,1,1,6,,M,600,"49.17215,2.6775"
201700000321,17,8,16,315,3,1,1,1,6,,M,600,"49.07832,2.72552"
201700000322,17,9,9,1915,1,1,1,1,1,,M,600,"49.15363,2.76973"
201700000323,17,12,2,1400,1,1,1,1,1,,M,600,"49.10006,2.73691"
201700000324,17,3,10,1645,1,2,1,1,3,RUE DU FONDS DU CHARRON,M,600,"49.28156,2.5302"
201700000325,17,4,11,1845,1,2,1,1,3,route de pont,M,600,"49.30798,2.70873"
201700000326,17,6,27,1230,1,1,1,1,1,,M,600,"49.22619,2.76746"
201700000327,17,7,29,1645,1,2,1,1,1,9 rue Maurice Choron,M,600,"49.30182,2.81275"
201700000328,17,4,27,2230,3,1,1,1,6,,M,760,"49.44659,0.97417"
201700000329,17,6,20,730,1,1,1,3,3,,M,760,"49.44652,0.97553"
201700000330,17,8,25,1400,1,2,3,1,2,,M,760,"49.48459,0.92369"
201700000331,17,5,16,1830,1,1,2,1,3,,M,760,"49.52182,1.14156"
201700000332,17,6,7,945,1,1,2,1,3,,M,760,"49.53037,1.11156"
201700000333,17,6,10,1530,1,1,1,1,3,,M,760,"49.53926,1.04115"
201700000334,17,8,22,1730,1,1,1,1,1,,M,760,"49.53999,1.04492"
201700000335,17,2,25,1115,1,1,2,7,3,,M,760,"49.83476,1.49418"
201700000336,17,4,2,1330,1,2,2,8,3,R DU CALVAIRE,M,760,"49.90822,1.21325"
201700000337,17,7,25,1800,1,2,1,1,3,"545, R ROBERT LEFRANC",M,760,"49.8775,1.22917"
201700000338,17,1,15,1330,1,2,2,1,3,,M,760,"49.75896,0.92525"
201700000339,17,2,19,445,4,2,1,4,7,ROUTE DE LA PLAINE,M,760,"49.81954,1.09049"
201700000340,17,2,21,1700,1,1,2,1,3,,M,760,"49.72865,1.08068"
201700000341,17,4,29,2245,3,1,1,1,6,,M,760,"49.83798,0.9197"
201700000342,17,7,14,400,3,1,1,1,6,,M,760,"49.8672,0.89227"
201700000343,17,7,19,1315,1,1,1,7,6,,M,760,"49.81355,1.0372"
201700000344,17,8,12,2345,5,2,1,1,6,rue des forrières,M,760,"49.79459,1.1161"
201700000345,17,9,28,1115,1,2,4,1,1,24 rue Jéhan véron,M,760,"49.86935,1.04957"
201700000346,17,4,19,1130,1,1,1,1,6,,M,760,"49.64966,1.26993"
201700000347,17,5,20,1800,1,1,2,1,3,,M,760,"49.62226,1.29727"
201700000348,17,6,15,1145,1,1,3,1,3,,M,760,"49.68667,1.35353"
201700000349,17,6,22,1300,1,2,1,1,3,205 CHE DU PETIT PARC,M,760,"49.60976,1.32337"
201700000350,17,9,16,915,2,1,2,1,3,,M,760,"49.67176,1.16561"
201700000351,17,1,16,600,3,1,6,1,6,,M,760,"49.34464,1.14846"
201700000352,17,3,10,1545,1,2,3,1,3,R DES PRES,M,760,"49.3894,1.22458"
201700000353,17,5,15,400,3,1,1,1,6,RTE DE PARIS,M,760,"49.37147,1.12656"
201700000354,17,8,31,730,1,1,1,1,7,,M,760,"49.35291,1.16956"
201700000355,17,9,22,1745,1,1,3,1,3,GRANDE RUE,M,760,"49.37767,1.16144"
201700000356,17,10,12,1350,1,2,1,1,2,route de Paris,M,760,"49.39474,1.18591"
201700000357,17,10,22,2030,3,1,1,1,6,D13,M,760,"49.35319,1.19527"
201700000358,17,12,8,1815,5,1,1,1,3,RTE DE PARIS,M,760,"49.37632,1.12563"
201700000359,17,12,15,1600,1,2,1,1,1,390 RUE ALEXANDRE SAAS,M,760,"49.39693,1.20195"
201700000360,17,1,6,1315,1,1,1,1,1,,M,760,"49.49978,0.89759"
201700000361,17,2,29,1830,2,2,1,1,3,"36, QU DE LA LIBERATION",M,760,"49.48204,0.87873"
201700000362,17,5,15,1900,1,2,1,1,3,"47, RTE DU TRAIT",M,760,"49.51079,0.81357"
201700000363,17,5,27,400,3,1,2,1,6,,M,760,"49.57352,0.72715"
201700000364,17,5,20,1930,1,2,1,1,2,avenue du Latham 47,M,760,"49.52458,0.73349"
201700000365,17,6,7,1200,1,1,1,1,2,,M,760,"49.43218,0.85844"
201700000366,17,6,23,1415,1,1,1,1,3,,M,760,"49.52731,0.75319"
201700000367,17,7,24,1630,1,1,1,1,3,,M,760,"49.56951,0.61911"
201700000368,17,9,24,1515,1,1,1,1,5,,M,760,"49.48819,0.88778"
201700000369,17,4,10,1545,1,1,1,1,3,,M,760,"49.50653,0.78414"
201700000370,17,7,2,600,2,1,1,1,6,,M,760,"49.48657,0.90123"
201700000371,17,7,15,2215,5,2,1,1,6,RTE DU HAVRE,M,760,"49.46878,0.85717"
201700000372,17,8,16,330,3,2,1,1,7,R DE LA FORGE,M,760,"49.46174,0.89127"
201700000373,17,8,16,1530,1,1,1,1,7,,M,760,"49.51592,0.86106"
201700000374,17,8,16,2045,1,1,1,1,6,,M,760,"49.46478,0.88628"
201700000375,17,4,15,545,3,1,1,2,1,,M,760,"49.66824,0.35993"
201700000376,17,5,8,845,1,1,1,1,6,,M,760,"49.71785,0.25441"
201700000377,17,7,18,1515,1,1,1,1,5,,M,760,"49.61748,0.29764"
201700000378,17,7,26,1945,1,1,1,1,3,,M,760,"49.69651,0.21991"
201700000379,17,7,30,1030,1,1,1,1,6,,M,760,"49.59716,0.20345"
201700000380,17,9,24,1745,1,1,1,1,1,,M,760,"49.61639,0.35075"
201700000381,17,5,26,1745,1,2,1,1,1,R DE CAUX,M,760,"49.65459,0.59595"
201700000382,17,8,8,1700,1,1,1,1,3,,M,760,"49.62464,0.51524"
201700000383,17,9,2,1945,1,1,2,1,3,,M,760,"49.60569,0.56057"
201700000384,17,10,1,1530,1,1,2,1,3,,M,760,"49.64474,0.63766"
201700000385,17,3,12,530,3,1,1,5,7,,M,760,"49.50178,0.42054"
201700000386,17,6,23,2100,1,1,1,1,6,Rue du hameau d'enfer,M,760,"49.53538,0.38191"
201700000387,17,7,12,730,1,1,2,1,3,,M,760,"49.4843,0.3575"
201700000388,17,7,16,1545,1,2,7,1,6,place anciens combattant,M,760,"49.52868,0.35878"
201700000389,17,8,14,1800,1,1,3,1,3,,M,760,"49.56592,0.34958"
201700000390,17,8,20,1500,1,1,1,1,7,RTE DE LA VALLEE,M,760,"49.50291,0.29689"
201700000391,17,9,10,730,2,1,6,1,6,RTE INDUSTRIELLE,M,760,"49.47906,0.26192"
201700000392,17,9,15,630,2,2,1,2,1,,M,760,"49.55414,0.29384"
201700000393,17,10,5,1745,1,1,1,1,3,D910,M,760,"49.52822,0.42099"
201700000394,17,10,13,1625,1,1,1,1,1,D982,M,760,"49.49701,0.26809"
201700000395,17,1,8,1715,3,1,1,1,3,,M,760,"49.70888,1.43345"
201700000396,17,4,20,2145,3,1,2,1,3,RTE DE MENONVAL,M,760,"49.78017,1.46597"
201700000397,17,8,16,1630,1,2,2,1,1,R DE DRINCOURT,M,760,"49.73169,1.43735"
201700000398,17,10,15,15,3,1,1,1,6,D24,M,760,"49.67773,1.4002"
201700000399,17,11,28,1530,1,2,1,7,6,"5, PL NOTRE DAME",M,760,"49.7317,1.44148"
201700000400,17,1,1,2130,3,1,1,1,6,,M,760,"49.77617,1.7693"
201700000401,17,1,13,1400,1,1,3,1,3,,M,760,"49.90947,1.66207"
201700000402,17,8,26,1200,1,2,3,7,3,55 R NATIONALE,M,760,"49.84874,1.56743"
201700000403,17,1,6,1800,5,2,1,1,6,,M,760,"49.64486,1.36369"
201700000404,17,9,23,1415,1,1,1,1,1,,M,760,"49.65037,1.535"
201700000405,17,11,8,1155,1,1,3,2,7,RD 1314,M,760,"49.6797,1.50475"
201700000406,17,11,24,1745,3,1,1,1,6,route de rouvray,M,760,"49.59846,1.51421"
201700000407,17,6,26,1000,1,2,1,1,3,,M,760,"49.54077,1.51571"
201700000408,17,9,4,2200,3,1,1,2,6,,M,760,"49.43517,1.54123"
201700000409,17,9,23,1400,1,2,1,1,3,"54, COTE SAINT AUBIN",M,760,"49.48526,1.70272"
201700000410,17,1,23,1545,1,1,2,8,3,,M,760,"49.63615,0.73549"
201700000411,17,4,3,1745,1,1,2,1,2,,M,760,"49.61307,0.78127"
201700000412,17,7,17,1030,1,1,1,1,3,,M,760,"49.64416,0.73368"
201700000413,17,8,22,1530,1,2,3,1,3,"31, R DES VICTOIRES",M,760,"49.61801,0.75264"
201700000414,17,10,16,1515,1,1,1,2,1,RD 6015,M,760,"49.61517,0.68899"
201700000415,17,10,28,1450,1,1,1,1,5,BD COMMANDANT SERGE BICH,M,760,"49.60517,0.76204"
201700000416,17,7,9,2300,5,2,1,1,3,"46, RTE DE SAINTE AUSTRE",M,760,"49.5885,0.96663"
201700000417,17,7,16,315,3,1,1,1,6,,M,760,"49.61963,0.90284"
201700000418,17,1,3,1100,1,1,1,2,6,,M,760,"49.59466,0.9753"
201700000419,17,1,31,1800,3,1,1,2,1,,M,760,"49.57951,0.95404"
201700000420,17,1,31,1115,1,2,1,2,1,R DES ACACIAC,M,760,"49.56403,0.95337"
201700000421,17,3,5,1630,1,1,1,1,3,,M,760,"49.60265,0.85573"
201700000422,17,7,10,1300,1,1,1,1,4,,M,760,"49.58021,0.89265"
201700000423,17,8,27,1715,1,1,1,1,2,,M,760,"49.56886,0.91393"
201700000424,17,10,2,1815,1,1,1,1,6,,M,760,"49.62776,0.96847"
201700000425,17,12,1,735,2,1,3,1,5,,M,760,"49.58687,0.88164"
201700000426,17,12,8,1710,2,1,1,1,6,,M,760,"49.58689,0.80073"
201700000427,17,12,12,815,2,2,1,1,3,R AUGUSTE BADIN,M,760,"49.53751,0.94127"
201700000428,17,1,16,1500,1,1,1,1,6,,M,760,"49.82368,0.88018"
201700000429,17,5,23,1730,1,2,1,1,1,,M,760,"49.80514,0.70871"
201700000430,17,1,31,845,1,1,1,2,6,,M,760,"49.77924,0.53182"
201700000431,17,2,12,730,3,1,1,2,6,,M,760,"49.73208,0.51465"
201700000432,17,3,23,1700,1,1,2,1,3,,M,760,"49.75725,0.51625"
201700000433,17,5,21,1345,1,1,2,1,3,,M,760,"49.6996,0.40732"
201700000434,17,9,24,1115,1,1,1,1,7,,M,760,"49.78091,0.56512"
201700000435,17,9,20,645,3,1,1,1,1,,M,760,"49.71466,0.60423"
201700000436,17,5,2,745,1,2,1,1,2,RD 67,M,270,"49.08885,1.28885"
201700000437,17,11,18,1345,1,1,1,1,6,,M,270,"48.90115,1.17226"
201700000438,17,1,13,730,3,2,2,2,7,RD 830,M,270,"48.95261,0.95125"
201700000439,17,1,13,1745,3,2,1,1,1,,M,270,"48.99949,1.10799"
201700000440,17,4,1,1500,1,2,1,1,1,41 B rue du Moussel,M,270,"48.99446,1.07753"
201700000441,17,6,11,1830,1,2,2,1,2,rue des fontenelles,M,270,"48.97287,0.95262"
201700000442,17,6,13,1745,1,1,1,1,1,,M,270,"48.95986,0.92666"
201700000443,17,7,15,2100,1,1,1,1,6,,M,270,"48.96412,0.90699"
201700000444,17,8,22,1245,1,2,1,1,2,Rue du General De Gaulle,M,270,"49.00917,1.094"
201700000445,17,9,1,815,1,1,1,1,7,,M,270,"49.0558,1.02447"
201700000446,17,9,10,1300,1,1,1,1,1,,M,270,"48.98797,1.05816"
201700000447,17,12,5,1230,2,1,1,8,3,,M,270,"48.96476,0.8582"
201700000448,17,3,12,1615,1,1,1,1,3,,M,270,"48.99283,1.15602"
201700000449,17,3,13,1815,1,1,1,1,7,,M,270,"48.97703,1.15854"
201700000450,17,4,10,515,3,1,1,1,6,,M,270,"48.9069,1.37832"
201700000451,17,5,5,2145,5,2,1,1,3,Allée des promenades,M,270,"48.89922,1.39307"
201700000452,17,6,26,1530,1,1,1,1,7,,M,270,"48.91072,1.30543"
201700000453,17,7,13,1830,1,1,3,1,3,route de saint andre,M,270,"48.99177,1.18533"
201700000454,17,7,15,1430,1,1,1,1,3,,M,270,"48.93516,1.16505"
201700000455,17,10,4,900,1,1,1,1,3,,M,270,"48.91801,1.4042"
201700000456,17,10,8,430,5,2,4,1,6,RD163/RD551,M,270,"48.8906,1.40325"
201700000457,17,9,27,830,1,2,1,1,6,04 rue d'Ezy,M,270,"48.89721,1.40638"
201700000458,17,10,13,515,3,1,1,1,6,,M,270,"48.90677,1.37901"
201700000459,17,12,22,2245,3,1,1,5,6,,M,270,"48.87239,1.2569"
201700000460,17,7,18,1745,1,1,2,1,3,,M,270,"48.82818,0.98403"
201700000461,17,8,12,715,1,1,2,1,3,,M,270,"48.77464,1.10551"
201700000462,17,8,30,1745,1,1,1,1,3,,M,270,"48.81734,1.12946"
201700000463,17,9,13,1800,1,1,1,7,1,,M,270,"48.8299,1.01848"
201700000464,17,12,2,900,1,1,1,1,6,,M,270,"48.78313,1.35294"
201700000465,17,4,24,730,1,1,2,1,3,,M,270,"49.01195,1.31348"
201700000466,17,5,30,1615,1,1,3,1,3,,M,270,"49.00919,1.4153"
201700000467,17,6,14,1445,1,1,1,2,1,,M,270,"49.01232,1.30131"
201700000468,17,6,30,1830,1,1,1,1,1,,M,270,"48.93578,1.45556"
201700000469,17,7,13,800,1,1,1,1,1,,M,270,"49.0005,1.31082"
201700000470,17,8,9,2130,2,1,2,1,3,,M,270,"49.01323,1.27074"
201700000471,17,10,21,1730,1,2,1,2,1,rue des hannebaux,M,270,"49.03043,1.36719"
201700000472,17,11,6,1445,1,2,1,1,6,9 rue des Moulins,M,270,"48.96527,1.33495"
201700000473,17,12,21,1600,1,2,8,1,3,RUE ALFRED DE VIGNY,M,270,"48.95992,1.41752"
201700000474,17,12,23,1800,5,2,2,1,3,rue des Coteaux de Pacy,M,270,"49.01996,1.39238"
201700000475,17,6,3,2300,5,1,1,1,3,,M,270,"48.99284,1.156"
201700000476,17,6,20,715,2,1,1,2,6,,M,270,"48.91072,1.30543"
201700000477,17,4,9,1515,1,1,3,2,7,,M,270,"48.87848,0.67328"
201700000478,17,6,24,915,1,1,3,1,3,route de conde,M,270,"48.81513,0.94283"
201700000479,17,7,8,845,1,1,2,1,3,,M,270,"48.7626,0.913"
201700000480,17,8,30,1500,1,1,1,1,7,,M,270,"48.89912,0.85153"
201700000481,17,12,2,715,2,1,1,5,7,,M,270,"48.88609,0.85037"
201700000482,17,12,17,1615,1,1,1,1,6,,M,270,"48.89555,0.85295"
201700000483,17,1,7,1900,3,1,1,8,3,,M,270,"49.17522,1.39104"
201700000484,17,4,24,715,1,1,2,1,3,,M,270,"49.05326,1.17735"
201700000485,17,5,28,2245,3,1,2,1,3,,M,270,"49.22688,1.34834"
201700000486,17,6,25,1745,1,1,1,1,7,,M,270,"49.25505,1.45447"
201700000487,17,7,9,1715,1,1,9,1,6,avenue de la republique,M,270,"49.24333,1.40482"
201700000488,17,8,22,2330,3,1,1,1,7,,M,270,"48.81734,1.12946"
201700000489,17,8,29,1800,1,2,9,1,6,50 avenue de la Républiq,M,270,"49.24481,1.40917"
201700000490,17,9,7,1815,1,2,1,1,3,avenue de la republique,M,270,"49.24367,1.40393"
201700000491,17,10,3,1830,1,2,1,1,4,RUE GENERAL DE GAULE,M,270,"49.24713,1.42398"
201700000492,17,11,15,745,2,2,1,2,1,RD316,M,270,"49.24839,1.42701"
201700000493,17,12,31,1730,5,1,1,1,1,,M,270,"49.24877,1.45984"
201700000494,17,1,31,1815,3,1,1,3,3,,M,270,"49.15227,1.53238"
201700000495,17,2,26,1630,1,1,1,1,6,,M,270,"49.08497,1.59213"
201700000496,17,6,17,1830,1,1,1,1,2,,M,270,"49.10365,1.56845"
201700000497,17,6,27,800,1,1,1,1,6,,M,270,"49.15649,1.57097"
201700000498,17,2,1,130,5,2,9,1,6,,M,270,"49.38648,1.30714"
201700000499,17,2,23,730,2,1,1,1,6,430 avenue de la gare,M,270,"49.32757,1.24945"
